{
    "id": "roadstar-environment",
    "name": "RoadStar - Local Development",
    "values": [
        {
            "key": "base_url",
            "value": "http://localhost:8000/api",
            "type": "default",
            "enabled": true
        },
        {
            "key": "jwt_token",
            "value": "",
            "type": "secret",
            "enabled": true
        }
    ],
    "_postman_variable_scope": "environment",
    "_postman_exported_at": "2025-12-31T17:08:27.000Z",
    "_postman_exported_using": "Postman/10.0.0"
}